Age,Drinking,Smoking,Urine protein,Lipid-lowering drug,Antihypertensive drug,Antidiabetic drug,Body mass index,Mean platelet volume,Coefficient of variation of red blood cell distribution width,Composite inflammatory index,Serum glucose,Hemoglobin A1c,High density lipoprotein,Low density lipoprotein,Total cholesterol,Triglyceride,Serum uric acid,Estimated glomerular filtration rate,Total bilirubin,Heart rate,Pulse wave velocity,Ankle-brachial pressure index,Systolic blood pressure,Diastolic blood pressure,result_after3year
56,1,0,0,0,1,0,26.4,7.8,12.3,229.363636363636,5.08,5.9,1.28,3.25,190.64,0.92,394,72.8,9.1,75,1261,0.94,118,72,0
59,1,0,0,0,1,0,26.1,11.3,14.5,292.334801762115,4.74,6,1.21,3.17,176.72,1.42,389.5,72.1,10.2,79,1251,1.1,120,89,0
60,0,0,0,0,1,0,26.1,11.5,12.8,282.425339366516,4.45,6.1,1.22,3.12,174.79,1.08,541.9,73.9,7.7,78,1291,1.09,125,88,0
39,0,0,0,0,0,0,23.5,10,11.3,232.827906976744,4.76,5.2,1.41,2.63,168.22,1.38,322,100.3,12.3,57,1046,1.04,109,59,0
41,0,0,0,0,0,0,26.3,12.2,12.6,190.741935483871,5.12,5.3,1.14,2.34,160.87,1.39,470.7,90,11.9,73,1185,1.18,114,70,0
42,0,0,0,0,0,0,23.6,8.9,11.3,168.307086614173,5.09,5.3,1.41,2.38,160.48,1.3,368.3,104.9,15.6,66,1078,0.98,115,72,0
43,0,0,0,0,0,0,24.3,11.5,11.7,214.666666666667,5.01,5.3,1.4,2.18,145.4,1.28,357.1,103.9,16.3,81,1133,1.05,113,69,NA
